[
  {
    "text": "Other",
    "path": "H:/Aji/My Music/Other",
    "children": [
      {
        "text": "蔡琴-恰似你的温柔.ape",
        "path": "H:/Aji/My Music/Other/蔡琴-恰似你的温柔.ape"
      },
      {
        "text": "蔡琴-渡口.ape",
        "path": "H:/Aji/My Music/Other/蔡琴-渡口.ape"
      }
    ]
  },
  {
    "text": "Tank 2010",
    "path": "H:/Aji/My Music/Tank 2010",
    "children": [
      {
        "text": "Tank+-+岚.ape",
        "path": "H:/Aji/My Music/Tank 2010/Tank+-+岚.ape"
      }
    ]
  },
  {
    "text": "戴爱玲",
    "path": "H:/Aji/My Music/戴爱玲",
    "children": [
      {
        "text": "戴爱玲+-+沸腾.ape",
        "path": "H:/Aji/My Music/戴爱玲/戴爱玲+-+沸腾.ape"
      }
    ]
  },
  {
    "text": "林俊杰 2014",
    "path": "H:/Aji/My Music/林俊杰 2014",
    "children": [
      {
        "text": "一千年以后.ape",
        "path": "H:/Aji/My Music/林俊杰 2014/一千年以后.ape"
      },
      {
        "text": "林俊杰 - 爱笑的眼睛.ape",
        "path": "H:/Aji/My Music/林俊杰 2014/林俊杰 - 爱笑的眼睛.ape"
      },
      {
        "text": "林俊杰+-+可惜没如果.wav",
        "path": "H:/Aji/My Music/林俊杰 2014/林俊杰+-+可惜没如果.wav"
      },
      {
        "text": "林俊杰+-+美人鱼.flac",
        "path": "H:/Aji/My Music/林俊杰 2014/林俊杰+-+美人鱼.flac"
      },
      {
        "text": "林俊杰-她说.ape",
        "path": "H:/Aji/My Music/林俊杰 2014/林俊杰-她说.ape"
      }
    ]
  },
  {
    "text": "林俊杰 2017",
    "path": "H:/Aji/My Music/林俊杰 2017",
    "children": [
      {
        "text": "林俊杰+-+不为谁而作的歌.flac",
        "path": "H:/Aji/My Music/林俊杰 2017/林俊杰+-+不为谁而作的歌.flac"
      },
      {
        "text": "林俊杰-修炼爱情.ape",
        "path": "H:/Aji/My Music/林俊杰 2017/林俊杰-修炼爱情.ape"
      }
    ]
  },
  {
    "text": "林俊杰 2017 伟大的渺小",
    "path": "H:/Aji/My Music/林俊杰 2017 伟大的渺小",
    "children": [
      {
        "text": "01 聖所.wma",
        "path": "H:/Aji/My Music/林俊杰 2017 伟大的渺小/01 聖所.wma"
      },
      {
        "text": "03 穿越.wma",
        "path": "H:/Aji/My Music/林俊杰 2017 伟大的渺小/03 穿越.wma"
      },
      {
        "text": "04 四點四十四.wma",
        "path": "H:/Aji/My Music/林俊杰 2017 伟大的渺小/04 四點四十四.wma"
      },
      {
        "text": "05 我继续.wma",
        "path": "H:/Aji/My Music/林俊杰 2017 伟大的渺小/05 我继续.wma"
      },
      {
        "text": "06 剪雲者.wma",
        "path": "H:/Aji/My Music/林俊杰 2017 伟大的渺小/06 剪雲者.wma"
      },
      {
        "text": "07 黑夜问白天.wma",
        "path": "H:/Aji/My Music/林俊杰 2017 伟大的渺小/07 黑夜问白天.wma"
      },
      {
        "text": "08 身为风帆.wma",
        "path": "H:/Aji/My Music/林俊杰 2017 伟大的渺小/08 身为风帆.wma"
      },
      {
        "text": "09 身為風帆.wma",
        "path": "H:/Aji/My Music/林俊杰 2017 伟大的渺小/09 身為風帆.wma"
      },
      {
        "text": "10 小瓶子.wma",
        "path": "H:/Aji/My Music/林俊杰 2017 伟大的渺小/10 小瓶子.wma"
      },
      {
        "text": "11 UNTIL THE DAY.wma",
        "path": "H:/Aji/My Music/林俊杰 2017 伟大的渺小/11 UNTIL THE DAY.wma"
      }
    ]
  },
  {
    "text": "林俊杰 2018",
    "path": "H:/Aji/My Music/林俊杰 2018",
    "children": [
      {
        "text": "Luis+Fonsi、林俊杰-Despacito缓缓.mp3",
        "path": "H:/Aji/My Music/林俊杰 2018/Luis+Fonsi、林俊杰-Despacito缓缓.mp3"
      }
    ]
  },
  {
    "text": "苏打绿",
    "path": "H:/Aji/My Music/苏打绿",
    "children": [
      {
        "text": "我好想你+-+苏打绿（APE）.ape",
        "path": "H:/Aji/My Music/苏打绿/我好想你+-+苏打绿（APE）.ape"
      },
      {
        "text": "苏打绿+-+小情歌.ape",
        "path": "H:/Aji/My Music/苏打绿/苏打绿+-+小情歌.ape"
      },
      {
        "text": "苏打绿+-+无与伦比的美丽.flac",
        "path": "H:/Aji/My Music/苏打绿/苏打绿+-+无与伦比的美丽.flac"
      },
      {
        "text": "苏打绿+-+迟到千年.flac",
        "path": "H:/Aji/My Music/苏打绿/苏打绿+-+迟到千年.flac"
      },
      {
        "text": "苏打绿-他夏了夏天.flac",
        "path": "H:/Aji/My Music/苏打绿/苏打绿-他夏了夏天.flac"
      },
      {
        "text": "苏打绿-你在烦恼什么.ape",
        "path": "H:/Aji/My Music/苏打绿/苏打绿-你在烦恼什么.ape"
      },
      {
        "text": "苏打绿-无眠%28国语版%29.ape",
        "path": "H:/Aji/My Music/苏打绿/苏打绿-无眠%28国语版%29.ape"
      }
    ]
  }
]